-- 初期データを挿入
-- 建物情報
INSERT INTO class_locations (id, name, latitude, longitude) VALUES 
(1, 'タギタリウス館', 35.069752, 135.758382),
(2, '真理館', 35.069401, 135.758543),
(3, '天地館', 35.071381, 135.757953),
(4, '4号館', 35.070718, 135.757250),
(5, '5号館', 35.068495, 135.757425),
(6, '10号館', 35.070643, 135.758098),
(7, '11号館', 35.068170, 135.757367),
(8, '12号館', 35.069529, 135.758212),
(9, '13号館', 35.070082, 135.757433),
(10, '14号館', 35.069285, 135.755707),
(11, '未確定', 0, 0);


-- 授業スケジュール情報
INSERT INTO schedules (semester, weekday, period, location_id, class_name) VALUES
(3, 1, 2, 3, 'アルゴリズムとデータ構造'),
(3, 1, 3, 2, '基礎英語（総合）Ⅲ'),
(3, 1, 4, 8, 'コンピュータネットワークⅠ'),
(3, 2, 1, 8, 'データ解析の基礎'),
(3, 2, 3, 11, '情報理工学実験 A・B'),
(3, 2, 4, 11, '情報理工学実験 A・B'),
(3, 2, 5, 11, '情報理工学実験 A・B'),
(3, 3, 2, 8, '多変量解析の初歩'),
(3, 3, 3, 2, '基礎英語（コミュニケーション）Ⅲ'),
(3, 4, 1, 6, 'プログラミング演習C'),
(3, 4, 2, 6, 'プログラミング演習C'),
(3, 4, 3, 5, '信号処理Ⅰ'),
(3, 5, 1, 3, 'ソフトウェア工学Ⅰ'),
(3, 5, 2, 2, '情報理論');


-- 授業がない日情報
INSERT INTO holidays (start_date, end_date, description) VALUES
('2025-04-01', '2025-04-07', '春季休暇'),
('2025-07-17', '2025-09-27', '夏季休暇');


-- 授業の時間情報
INSERT INTO class_times (period, start_time, end_time) VALUES 
(1, '09:00:00', '10:30:00'),
(2, '10:45:00', '12:15:00'),
(3, '13:15:00', '14:45:00'),
(4, '15:00:00', '16:30:00'),
(5, '16:45:00', '18:15:00');

INSERT INTO semester(semester, start_date, end_date) VALUES
(1, '2024-04-01', '2024-09-21'),
(2, '2024-09-22', '2025-03-31'),
(3, '2025-04-01', '2025-09-27'),
(4, '2025-09-28', '2026-03-31'),
(5, '2026-04-01', '2026-09-21'),
(6, '2026-09-22', '2027-03-31'),
(7, '2027-04-01', '2027-09-21'),
(8, '2027-09-22', '2028-03-31');
